train_loss,epoch,step
0.052948080003261566,0,49
0.3951762318611145,0,99
0.22263605892658234,0,149
0.2171618789434433,0,199
0.08976970613002777,0,249
