test_loss,test_acc,epoch,step
0.06785651296377182,0.9786666631698608,0,0
