test_loss,test_acc,epoch,step
0.10093138366937637,0.9671666622161865,0,0
