train_loss,epoch,step
1.7705495357513428,0,49
1.803832769393921,0,99
